<?xml version="1.0" encoding="ASCII"?>
<!DOCTYPE nm:output SYSTEM "output.dtd">
<nm:output
xmlns:xsi="http://www.w3.org/2001/XMLSchema-instance"
xsi:schemaLocation="http://namespaces.oreilly.com/xmlnut/address output.xsd"
xmlns:nm="http://namespaces.oreilly.com/xmlnut/address"
>
<nm:start_datetime>2019-03-12T21:07:09.797</nm:start_datetime>
<nm:control_stream><![CDATA[
$PROBLEM    ORAL1_1CPT_KAVCL FOCEI runN024
$INPUT      ID DOSE VI CLI KAI TIME EVIDNLMX AMT DV EVID
$DATA      ..\..\m1\bs_pr1_82.dta IGNORE=@
$SUBROUTINE ADVAN6 TOL=6
$MODEL      COMP=(ABS,DEFDOSE) COMP=(CENTRAL,DEFOBS)
$PK
    CL=EXP(THETA(1)+ETA(1))
    V=EXP(THETA(2)+ETA(2))
    KA=EXP(THETA(3)+ETA(3))
    S2=V
$DES
    DADT(1)= -KA*A(1)
    DADT(2)=  KA*A(1)-CL*(A(2)/V)
$ERROR
    IPRED = F
    RESCV = THETA(4)
    W     = IPRED*RESCV
    IRES  = DV-IPRED
    IWRES = IRES/W
    Y     = IPRED+W*EPS(1)
$THETA  1 ; CL
$THETA  4 ; V
$THETA  0.1 ; Ka
$THETA  (0,0.2,1) ; RSV
$OMEGA  0.2
 0.2
 0.2
$SIGMA  1  FIX
$ESTIMATION NSIG=2 SIGL=6 PRINT=5 MAX=9999 NOABORT POSTHOC METHOD=COND
            INTER NOOBT
$COVARIANCE

]]></nm:control_stream>
<nm:nmtran><![CDATA[

 WARNINGS AND ERRORS (IF ANY) FOR PROBLEM    1

 (WARNING  2) NM-TRAN INFERS THAT THE DATA ARE POPULATION.
]]></nm:nmtran>
<nm:nonmem nm:version='7.4.3'>
<nm:license_information><![CDATA[
License Registered to: Occams Cooperatie U.A
Expiration Date:    14 JUN 2019
Current Date:       12 MAR 2019
Days until program expires :  92
]]></nm:license_information>
<nm:program_information><![CDATA[
1NONLINEAR MIXED EFFECTS MODEL PROGRAM (NONMEM) VERSION 7.4.3
 ORIGINALLY DEVELOPED BY STUART BEAL, LEWIS SHEINER, AND ALISON BOECKMANN
 CURRENT DEVELOPERS ARE ROBERT BAUER, ICON DEVELOPMENT SOLUTIONS,
 AND ALISON BOECKMANN. IMPLEMENTATION, EFFICIENCY, AND STANDARDIZATION
 PERFORMED BY NOUS INFOSYSTEMS.
]]></nm:program_information>
<nm:theta_lb>
<nm:val nm:name='1'>-1000000.00000000</nm:val>
<nm:val nm:name='2'>-1000000.00000000</nm:val>
<nm:val nm:name='3'>-1000000.00000000</nm:val>
<nm:val nm:name='4'>0.000000000000000E+000</nm:val>
</nm:theta_lb>
<nm:theta_in>
<nm:val nm:name='1'>1.00000000000000</nm:val>
<nm:val nm:name='2'>4.00000000000000</nm:val>
<nm:val nm:name='3'>0.100000000000000</nm:val>
<nm:val nm:name='4'>0.200000000000000</nm:val>
</nm:theta_in>
<nm:theta_ub>
<nm:val nm:name='1'>1000000.00000000</nm:val>
<nm:val nm:name='2'>1000000.00000000</nm:val>
<nm:val nm:name='3'>1000000.00000000</nm:val>
<nm:val nm:name='4'>1.00000000000000</nm:val>
</nm:theta_ub>
<nm:problem nm:number='1' nm:subproblem='0' nm:superproblem1='0' nm:iteration1='0' nm:superproblem2='0' nm:iteration2='0'>
<nm:problem_title>ORAL1_1CPT_KAVCL FOCEI runN024</nm:problem_title>
<nm:problem_information><![CDATA[

 PROBLEM NO.:         1
 ORAL1_1CPT_KAVCL FOCEI runN024
0DATA CHECKOUT RUN:              NO
 DATA SET LOCATED ON UNIT NO.:    2
 THIS UNIT TO BE REWOUND:        NO
 NO. OF DATA RECS IN DATA SET:      600
 NO. OF DATA ITEMS IN DATA SET:  11
 ID DATA ITEM IS DATA ITEM NO.:   1
 DEP VARIABLE IS DATA ITEM NO.:   9
 MDV DATA ITEM IS DATA ITEM NO.: 11
0INDICES PASSED TO SUBROUTINE PRED:
  10   6   8   0   0   0   0   0   0   0   0
0LABELS FOR DATA ITEMS:
 ID DOSE VI CLI KAI TIME EVIDNLMX AMT DV EVID MDV
0FORMAT FOR DATA:
 (2E3.0,2E16.0,E17.0,E5.0,E3.0,E6.0,E4.0,E1.0,1F2.0)

 TOT. NO. OF OBS RECS:      480
 TOT. NO. OF INDIVIDUALS:      120
0LENGTH OF THETA:   4
0DEFAULT THETA BOUNDARY TEST OMITTED:    NO
0OMEGA HAS SIMPLE DIAGONAL FORM WITH DIMENSION:   3
0DEFAULT OMEGA BOUNDARY TEST OMITTED:   YES
0SIGMA HAS SIMPLE DIAGONAL FORM WITH DIMENSION:   1
0DEFAULT SIGMA BOUNDARY TEST OMITTED:    NO
0INITIAL ESTIMATE OF THETA:
 LOWER BOUND    INITIAL EST    UPPER BOUND
 -0.1000E+07     0.1000E+01     0.1000E+07
 -0.1000E+07     0.4000E+01     0.1000E+07
 -0.1000E+07     0.1000E+00     0.1000E+07
  0.0000E+00     0.2000E+00     0.1000E+01
0INITIAL ESTIMATE OF OMEGA:
 0.2000E+00
 0.0000E+00   0.2000E+00
 0.0000E+00   0.0000E+00   0.2000E+00
0INITIAL ESTIMATE OF SIGMA:
 0.1000E+01
0SIGMA CONSTRAINED TO BE THIS INITIAL ESTIMATE
0COVARIANCE STEP OMITTED:        NO
 EIGENVLS. PRINTED:              NO
 SPECIAL COMPUTATION:            NO
 COMPRESSED FORMAT:              NO
 GRADIENT METHOD USED:     NOSLOW
 SIGDIGITS ETAHAT (SIGLO):                  -1
 SIGDIGITS GRADIENTS (SIGL):                -1
 EXCLUDE COV FOR FOCE (NOFCOV):              NO
 TURN OFF Cholesky Transposition of R Matrix (CHOLROFF): NO
 KNUTHSUMOFF:                                -1
 RESUME COV ANALYSIS (RESUME):               NO
 SIR SAMPLE SIZE (SIRSAMPLE):              -1
 NON-LINEARLY TRANSFORM THETAS DURING COV (THBND): 1
 PRECONDTIONING CYCLES (PRECOND):        0
 PRECONDTIONING TYPES (PRECONDS):        TOS
 FORCED PRECONDTIONING CYCLES (PFCOND):0
 PRECONDTIONING TYPE (PRETYPE):        0
 FORCED POS. DEFINITE SETTING: (FPOSDEF):0
1DOUBLE PRECISION PREDPP VERSION 7.4.3

 GENERAL NONLINEAR KINETICS MODEL (DVERK1, ADVAN6)
0MODEL SUBROUTINE USER-SUPPLIED - ID NO. 9999
0MAXIMUM NO. OF BASIC PK PARAMETERS:   3
0COMPARTMENT ATTRIBUTES
 COMPT. NO.   FUNCTION   INITIAL    ON/OFF      DOSE      DEFAULT    DEFAULT
                         STATUS     ALLOWED    ALLOWED    FOR DOSE   FOR OBS.
    1         ABS          ON         YES        YES        YES        NO
    2         CENTRAL      ON         YES        YES        NO         YES
    3         OUTPUT       OFF        YES        NO         NO         NO
 INITIAL (BASE) TOLERANCE SETTINGS:
 NRD (RELATIVE) VALUE OF TOLERANCE:   6
 ANRD (ABSOLUTE) VALUE OF TOLERANCE:  12
1
 ADDITIONAL PK PARAMETERS - ASSIGNMENT OF ROWS IN GG
 COMPT. NO.                             INDICES
              SCALE      BIOAVAIL.   ZERO-ORDER  ZERO-ORDER  ABSORB
                         FRACTION    RATE        DURATION    LAG
    1            *           *           *           *           *
    2            4           *           *           *           *
    3            *           -           -           -           -
             - PARAMETER IS NOT ALLOWED FOR THIS MODEL
             * PARAMETER IS NOT SUPPLIED BY PK SUBROUTINE;
               WILL DEFAULT TO ONE IF APPLICABLE
0DATA ITEM INDICES USED BY PRED ARE:
   EVENT ID DATA ITEM IS DATA ITEM NO.:     10
   TIME DATA ITEM IS DATA ITEM NO.:          6
   DOSE AMOUNT DATA ITEM IS DATA ITEM NO.:   8

0PK SUBROUTINE CALLED WITH EVERY EVENT RECORD.
 PK SUBROUTINE NOT CALLED AT NONEVENT (ADDITIONAL OR LAGGED) DOSE TIMES.
0ERROR SUBROUTINE CALLED WITH EVERY EVENT RECORD.
0DES SUBROUTINE USES COMPACT STORAGE MODE.
]]></nm:problem_information>
<nm:problem_options
 nm:data_checkout_run='no' nm:data_unit='2' nm:data_rewind='no' nm:data_nrec='600' nm:data_nitems='11' nm:data_id='1'
 nm:data_l2='0' nm:data_dv='9' nm:data_mdv='11' nm:data_mrg='0' nm:data_raw='0' nm:data_rpt='0' nm:data_sub_array1='0'
 nm:data_sub_array2='0' nm:data_sub_array3='0' nm:data_pred_indices='10,6,8,0,0,0,0,0,0,0,0'
 nm:data_format='(2e3.0,2e16.0,e17.0,e5.0,e3.0,e6.0,e4.0,e1.0,1f2.0)' nm:data_nobs='480' nm:data_nind='120'
 nm:data_mdv100='0' nm:nthetat='4' nm:theta_bound_test_omitted='no' nm:omega_diagdim='3'
 nm:omega_bound_test_omitted='no' nm:sigma_diagdim='1' nm:sigma_bound_test_omitted='no' nm:cov_omitted='no'
 nm:cov_matrix='rsr' nm:cov_eigen_print='no' nm:cov_special='no' nm:cov_compressed='no'
 nm:cov_slow_gradient='noslow' nm:cov_siglocov='-1' nm:cov_siglcov='-1' nm:cov_tol='-1' nm:cov_atol='-1'
 nm:cov_nofcov='no' nm:cov_cholroff='no' nm:cov_knuthsumoff='-1' nm:cov_resume='no' nm:cov_sirsample='-1'
 nm:cov_thbnd='1' nm:cov_precond='0' nm:cov_preconds='tos' nm:cov_pfcond='0' nm:cov_pretype='0' nm:cov_fposdef='0'
 nm:pred_advan='6' nm:pred_evid='10' nm:pred_time='6' nm:pred_amt='8'
/>
<nm:estimation nm:number='1' nm:type='0'>
<nm:table_series>1</nm:table_series>
<nm:estimation_method>focei</nm:estimation_method>
<nm:estimation_title>First Order Conditional Estimation with Interaction</nm:estimation_title>
<nm:estimation_information><![CDATA[
 ESTIMATION STEP OMITTED:                 NO
 ANALYSIS TYPE:                           POPULATION
 NUMBER OF SADDLE POINT RESET ITERATIONS:      0
 GRADIENT METHOD USED:               NOSLOW
 CONDITIONAL ESTIMATES USED:              YES
 CENTERED ETA:                            NO
 EPS-ETA INTERACTION:                     YES
 LAPLACIAN OBJ. FUNC.:                    NO
 NO. OF FUNCT. EVALS. ALLOWED:            9999
 NO. OF SIG. FIGURES REQUIRED:            2
 INTERMEDIATE PRINTOUT:                   YES
 ESTIMATE OUTPUT TO MSF:                  NO
 ABORT WITH PRED EXIT CODE 1:             NO
 IND. OBJ. FUNC. VALUES SORTED:           NO
 NUMERICAL DERIVATIVE
       FILE REQUEST (NUMDER):               NONE
 MAP (ETAHAT) ESTIMATION METHOD (OPTMAP):   0
 ETA HESSIAN EVALUATION METHOD (ETADER):    0
 INITIAL ETA FOR MAP ESTIMATION (MCETA):    0
 SIGDIGITS FOR MAP ESTIMATION (SIGLO):      6
 GRADIENT SIGDIGITS OF
       FIXED EFFECTS PARAMETERS (SIGL):     6
 NOPRIOR SETTING (NOPRIOR):                 OFF
 NOCOV SETTING (NOCOV):                     OFF
 DERCONT SETTING (DERCONT):                 OFF
 FINAL ETA RE-EVALUATION (FNLETA):          ON
 EXCLUDE NON-INFLUENTIAL (NON-INFL.) ETAS
       IN SHRINKAGE (ETASTYPE):             NO
 NON-INFL. ETA CORRECTION (NONINFETA):      OFF
 RAW OUTPUT FILE (FILE): psn.ext
 EXCLUDE TITLE (NOTITLE):                   NO
 EXCLUDE COLUMN LABELS (NOLABEL):           NO
 FORMAT FOR ADDITIONAL FILES (FORMAT):      S1PE12.5
 PARAMETER ORDER FOR OUTPUTS (ORDER):       TSOL
 WISHART PRIOR DF INTERPRETATION (WISHTYPE):0
 KNUTHSUMOFF:                               0
 INCLUDE LNTWOPI:                           NO
 INCLUDE CONSTANT TERM TO PRIOR (PRIORC):   NO
 INCLUDE CONSTANT TERM TO OMEGA (ETA) (OLNTWOPI):NO
 ADDITIONAL CONVERGENCE TEST (CTYPE=4)?:    NO
 EM OR BAYESIAN METHOD USED:                 NONE

]]></nm:estimation_information>
<nm:estimation_options
 nm:estim_omitted='no' nm:analysis_type='pop' nm:saddle_reset='0' nm:saddle_hess='0' nm:slow_gradient='noslow'
 nm:cond_estim='yes' nm:centered_eta='no' nm:epseta_interaction='yes' nm:laplace='no' nm:predflag='0' nm:maxfn='9999'
 nm:nsig='2' nm:msfo='no' nm:abort='no' nm:objsort='no' nm:numder='0' nm:optmap='0' nm:etader='0' nm:mceta='0' nm:siglo='6'
 nm:sigl='6' nm:noprior='0' nm:nocov='0' nm:dercont='0' nm:atol='0' nm:fnleta='1' nm:etastype='0' nm:noninfeta='0'
 nm:file='psn.ext' nm:notitle='0' nm:nolabel='0' nm:format='s1pe12.5' nm:order='tsol' nm:wishtype='0' nm:knuthsumoff='0'
 nm:lntwopi='0' nm:priorc='0' nm:olntwopi='0' nm:ctype='0'
/>
<nm:monitor>
<nm:obj nm:iteration='0'>4803.54087843999</nm:obj>
<nm:obj nm:iteration='5'>4655.53098387703</nm:obj>
<nm:obj nm:iteration='10'>4639.51862742196</nm:obj>
<nm:obj nm:iteration='15'>4639.23625012182</nm:obj>
<nm:obj nm:iteration='16'>4639.23625012182</nm:obj>
</nm:monitor>
<nm:termination_status>0</nm:termination_status>
<nm:termination_nfuncevals>158</nm:termination_nfuncevals>
<nm:termination_sigdigits>2.14147964554514</nm:termination_sigdigits>
<nm:termination_information><![CDATA[
0MINIMIZATION SUCCESSFUL
 NO. OF FUNCTION EVALUATIONS USED:      158
 NO. OF SIG. DIGITS IN FINAL EST.:  2.1
]]></nm:termination_information>
<nm:termination_txtmsg>
<nm:val nm:name='1'>37</nm:val>
<nm:val nm:name='2'>49</nm:val>
</nm:termination_txtmsg>
<nm:etabar>
<nm:row nm:rname='SUBPOP1'>
<nm:col nm:cname='ETA1'>1.214876714496575E-002</nm:col>
<nm:col nm:cname='ETA2'>-2.467483986465491E-002</nm:col>
<nm:col nm:cname='ETA3'>-2.479613818961801E-002</nm:col>
</nm:row>
</nm:etabar>
<nm:etabarse>
<nm:row nm:rname='SUBPOP1'>
<nm:col nm:cname='ETA1'>2.219508135359206E-002</nm:col>
<nm:col nm:cname='ETA2'>1.996138857426646E-002</nm:col>
<nm:col nm:cname='ETA3'>1.720945313000220E-002</nm:col>
</nm:row>
</nm:etabarse>
<nm:etabarn>
<nm:row nm:rname='SUBPOP1'>
<nm:col nm:cname='ETA1'>120</nm:col>
<nm:col nm:cname='ETA2'>120</nm:col>
<nm:col nm:cname='ETA3'>120</nm:col>
</nm:row>
</nm:etabarn>
<nm:etabarpval>
<nm:row nm:rname='SUBPOP1'>
<nm:col nm:cname='ETA1'>0.584129281547538</nm:col>
<nm:col nm:cname='ETA2'>0.216410958749637</nm:col>
<nm:col nm:cname='ETA3'>0.149628830715639</nm:col>
</nm:row>
</nm:etabarpval>
<nm:etashrinksd>
<nm:row nm:rname='SUBPOP1'>
<nm:col nm:cname='ETA1'>13.1354701516878</nm:col>
<nm:col nm:cname='ETA2'>21.4708527104509</nm:col>
<nm:col nm:cname='ETA3'>54.9499560928444</nm:col>
</nm:row>
</nm:etashrinksd>
<nm:etashrinkvr>
<nm:row nm:rname='SUBPOP1'>
<nm:col nm:cname='ETA1'>24.5455345423168</nm:col>
<nm:col nm:cname='ETA2'>38.3317302597631</nm:col>
<nm:col nm:cname='ETA3'>79.7049354396335</nm:col>
</nm:row>
</nm:etashrinkvr>
<nm:ebvshrinksd>
<nm:row nm:rname='SUBPOP1'>
<nm:col nm:cname='EBV1'>12.3303553644325</nm:col>
<nm:col nm:cname='EBV2'>21.2556364601501</nm:col>
<nm:col nm:cname='EBV3'>56.5319662287421</nm:col>
</nm:row>
</nm:ebvshrinksd>
<nm:ebvshrinkvr>
<nm:row nm:rname='SUBPOP1'>
<nm:col nm:cname='EBV1'>23.1403340947330</nm:col>
<nm:col nm:cname='EBV2'>37.9932521070397</nm:col>
<nm:col nm:cname='EBV3'>81.1053004006078</nm:col>
</nm:row>
</nm:ebvshrinkvr>
<nm:epsshrinksd>
<nm:row nm:rname='SUBPOP1'>
<nm:col nm:cname='EPS1'>20.2359722887423</nm:col>
</nm:row>
</nm:epsshrinksd>
<nm:epsshrinkvr>
<nm:row nm:rname='SUBPOP1'>
<nm:col nm:cname='EPS1'>36.3769988327771</nm:col>
</nm:row>
</nm:epsshrinkvr>
<nm:estimation_elapsed_time>28.43</nm:estimation_elapsed_time>
<nm:covariance_information><![CDATA[
]]></nm:covariance_information>
<nm:covariance_status nm:error='0' nm:numnegeigenvalues='-1' nm:mineigenvalue='0.000000000000000E+000' nm:maxeigenvalue='0.000000000000000E+000' nm:rms='0.000000000000000E+000'/>
<nm:covariance_elapsed_time>13.32</nm:covariance_elapsed_time>
<nm:final_objective_function_text>MINIMUM VALUE OF OBJECTIVE FUNCTION</nm:final_objective_function_text>
<nm:final_objective_function>4639.23625012182</nm:final_objective_function>
<nm:theta>
<nm:val nm:name='1'>1.41778403180067</nm:val>
<nm:val nm:name='2'>4.21409804997267</nm:val>
<nm:val nm:name='3'>-9.446503856156480E-002</nm:val>
<nm:val nm:name='4'>0.189703280959455</nm:val>
</nm:theta>
<nm:omega>
<nm:row nm:rname='1'>
<nm:col nm:cname='1'>7.900308789868568E-002</nm:col>
</nm:row>
<nm:row nm:rname='2'>
<nm:col nm:cname='1'>0.000000000000000E+000</nm:col>
<nm:col nm:cname='2'>7.818712876636921E-002</nm:col>
</nm:row>
<nm:row nm:rname='3'>
<nm:col nm:cname='1'>0.000000000000000E+000</nm:col>
<nm:col nm:cname='2'>0.000000000000000E+000</nm:col>
<nm:col nm:cname='3'>0.176587205220875</nm:col>
</nm:row>
</nm:omega>
<nm:sigma>
<nm:row nm:rname='1'>
<nm:col nm:cname='1'>1.00000000000000</nm:col>
</nm:row>
</nm:sigma>
<nm:omegac>
<nm:row nm:rname='1'>
<nm:col nm:cname='1'>0.281074879522674</nm:col>
</nm:row>
<nm:row nm:rname='2'>
<nm:col nm:cname='1'>0.000000000000000E+000</nm:col>
<nm:col nm:cname='2'>0.279619614416387</nm:col>
</nm:row>
<nm:row nm:rname='3'>
<nm:col nm:cname='1'>0.000000000000000E+000</nm:col>
<nm:col nm:cname='2'>0.000000000000000E+000</nm:col>
<nm:col nm:cname='3'>0.420222804260877</nm:col>
</nm:row>
</nm:omegac>
<nm:sigmac>
<nm:row nm:rname='1'>
<nm:col nm:cname='1'>1.00000000000000</nm:col>
</nm:row>
</nm:sigmac>
<nm:thetase>
<nm:val nm:name='1'>3.277875879417753E-002</nm:val>
<nm:val nm:name='2'>3.549418649953193E-002</nm:val>
<nm:val nm:name='3'>0.103443191224604</nm:val>
<nm:val nm:name='4'>9.153289154366358E-003</nm:val>
</nm:thetase>
<nm:omegase>
<nm:row nm:rname='1'>
<nm:col nm:cname='1'>1.262926949332698E-002</nm:col>
</nm:row>
<nm:row nm:rname='2'>
<nm:col nm:cname='1'>10000000000.0000</nm:col>
<nm:col nm:cname='2'>1.725985919359179E-002</nm:col>
</nm:row>
<nm:row nm:rname='3'>
<nm:col nm:cname='1'>10000000000.0000</nm:col>
<nm:col nm:cname='2'>10000000000.0000</nm:col>
<nm:col nm:cname='3'>7.161616927155527E-002</nm:col>
</nm:row>
</nm:omegase>
<nm:sigmase>
<nm:row nm:rname='1'>
<nm:col nm:cname='1'>10000000000.0000</nm:col>
</nm:row>
</nm:sigmase>
<nm:omegacse>
<nm:row nm:rname='1'>
<nm:col nm:cname='1'>2.246602313727611E-002</nm:col>
</nm:row>
<nm:row nm:rname='2'>
<nm:col nm:cname='1'>10000000000.0000</nm:col>
<nm:col nm:cname='2'>3.086310527538632E-002</nm:col>
</nm:row>
<nm:row nm:rname='3'>
<nm:col nm:cname='1'>10000000000.0000</nm:col>
<nm:col nm:cname='2'>10000000000.0000</nm:col>
<nm:col nm:cname='3'>8.521214049475469E-002</nm:col>
</nm:row>
</nm:omegacse>
<nm:sigmacse>
<nm:row nm:rname='1'>
<nm:col nm:cname='1'>10000000000.0000</nm:col>
</nm:row>
</nm:sigmacse>
<nm:covariance>
<nm:row nm:rname='THETA1'>
<nm:col nm:cname='THETA1'>1.074447028086871E-003</nm:col>
</nm:row>
<nm:row nm:rname='THETA2'>
<nm:col nm:cname='THETA1'>-2.710501825136217E-004</nm:col>
<nm:col nm:cname='THETA2'>1.259837275263555E-003</nm:col>
</nm:row>
<nm:row nm:rname='THETA3'>
<nm:col nm:cname='THETA1'>-1.337372352900420E-003</nm:col>
<nm:col nm:cname='THETA2'>1.198010075853918E-003</nm:col>
<nm:col nm:cname='THETA3'>1.070049381073008E-002</nm:col>
</nm:row>
<nm:row nm:rname='THETA4'>
<nm:col nm:cname='THETA1'>6.724796034555407E-005</nm:col>
<nm:col nm:cname='THETA2'>-4.965408037599557E-006</nm:col>
<nm:col nm:cname='THETA3'>-5.512338885757093E-005</nm:col>
<nm:col nm:cname='THETA4'>8.378270234344080E-005</nm:col>
</nm:row>
<nm:row nm:rname='OMEGA(1,1)'>
<nm:col nm:cname='THETA1'>-8.065622717751688E-005</nm:col>
<nm:col nm:cname='THETA2'>7.028646940322642E-005</nm:col>
<nm:col nm:cname='THETA3'>1.738532521400072E-004</nm:col>
<nm:col nm:cname='THETA4'>-1.563613294844826E-005</nm:col>
<nm:col nm:cname='OMEGA(1,1)'>1.594984479350794E-004</nm:col>
</nm:row>
<nm:row nm:rname='OMEGA(1,2)'>
<nm:col nm:cname='THETA1'>0.000000000000000E+000</nm:col>
<nm:col nm:cname='THETA2'>0.000000000000000E+000</nm:col>
<nm:col nm:cname='THETA3'>0.000000000000000E+000</nm:col>
<nm:col nm:cname='THETA4'>0.000000000000000E+000</nm:col>
<nm:col nm:cname='OMEGA(1,1)'>0.000000000000000E+000</nm:col>
<nm:col nm:cname='OMEGA(1,2)'>0.000000000000000E+000</nm:col>
</nm:row>
<nm:row nm:rname='OMEGA(1,3)'>
<nm:col nm:cname='THETA1'>0.000000000000000E+000</nm:col>
<nm:col nm:cname='THETA2'>0.000000000000000E+000</nm:col>
<nm:col nm:cname='THETA3'>0.000000000000000E+000</nm:col>
<nm:col nm:cname='THETA4'>0.000000000000000E+000</nm:col>
<nm:col nm:cname='OMEGA(1,1)'>0.000000000000000E+000</nm:col>
<nm:col nm:cname='OMEGA(1,2)'>0.000000000000000E+000</nm:col>
<nm:col nm:cname='OMEGA(1,3)'>0.000000000000000E+000</nm:col>
</nm:row>
<nm:row nm:rname='OMEGA(2,2)'>
<nm:col nm:cname='THETA1'>-1.124696772907889E-004</nm:col>
<nm:col nm:cname='THETA2'>1.105617486575833E-004</nm:col>
<nm:col nm:cname='THETA3'>5.563201961228373E-005</nm:col>
<nm:col nm:cname='THETA4'>-1.555482264248371E-005</nm:col>
<nm:col nm:cname='OMEGA(1,1)'>-5.056536283804228E-006</nm:col>
<nm:col nm:cname='OMEGA(1,2)'>0.000000000000000E+000</nm:col>
<nm:col nm:cname='OMEGA(1,3)'>0.000000000000000E+000</nm:col>
<nm:col nm:cname='OMEGA(2,2)'>2.979027393826151E-004</nm:col>
</nm:row>
<nm:row nm:rname='OMEGA(2,3)'>
<nm:col nm:cname='THETA1'>0.000000000000000E+000</nm:col>
<nm:col nm:cname='THETA2'>0.000000000000000E+000</nm:col>
<nm:col nm:cname='THETA3'>0.000000000000000E+000</nm:col>
<nm:col nm:cname='THETA4'>0.000000000000000E+000</nm:col>
<nm:col nm:cname='OMEGA(1,1)'>0.000000000000000E+000</nm:col>
<nm:col nm:cname='OMEGA(1,2)'>0.000000000000000E+000</nm:col>
<nm:col nm:cname='OMEGA(1,3)'>0.000000000000000E+000</nm:col>
<nm:col nm:cname='OMEGA(2,2)'>0.000000000000000E+000</nm:col>
<nm:col nm:cname='OMEGA(2,3)'>0.000000000000000E+000</nm:col>
</nm:row>
<nm:row nm:rname='OMEGA(3,3)'>
<nm:col nm:cname='THETA1'>-4.103115018025673E-005</nm:col>
<nm:col nm:cname='THETA2'>-1.342305745290130E-004</nm:col>
<nm:col nm:cname='THETA3'>1.629620620309728E-003</nm:col>
<nm:col nm:cname='THETA4'>-4.434551696777445E-005</nm:col>
<nm:col nm:cname='OMEGA(1,1)'>-6.720764037986674E-005</nm:col>
<nm:col nm:cname='OMEGA(1,2)'>0.000000000000000E+000</nm:col>
<nm:col nm:cname='OMEGA(1,3)'>0.000000000000000E+000</nm:col>
<nm:col nm:cname='OMEGA(2,2)'>-5.812202457316544E-005</nm:col>
<nm:col nm:cname='OMEGA(2,3)'>0.000000000000000E+000</nm:col>
<nm:col nm:cname='OMEGA(3,3)'>5.128875701132058E-003</nm:col>
</nm:row>
<nm:row nm:rname='SIGMA(1,1)'>
<nm:col nm:cname='THETA1'>0.000000000000000E+000</nm:col>
<nm:col nm:cname='THETA2'>0.000000000000000E+000</nm:col>
<nm:col nm:cname='THETA3'>0.000000000000000E+000</nm:col>
<nm:col nm:cname='THETA4'>0.000000000000000E+000</nm:col>
<nm:col nm:cname='OMEGA(1,1)'>0.000000000000000E+000</nm:col>
<nm:col nm:cname='OMEGA(1,2)'>0.000000000000000E+000</nm:col>
<nm:col nm:cname='OMEGA(1,3)'>0.000000000000000E+000</nm:col>
<nm:col nm:cname='OMEGA(2,2)'>0.000000000000000E+000</nm:col>
<nm:col nm:cname='OMEGA(2,3)'>0.000000000000000E+000</nm:col>
<nm:col nm:cname='OMEGA(3,3)'>0.000000000000000E+000</nm:col>
<nm:col nm:cname='SIGMA(1,1)'>0.000000000000000E+000</nm:col>
</nm:row>
</nm:covariance>
<nm:correlation>
<nm:row nm:rname='THETA1'>
<nm:col nm:cname='THETA1'>3.277875879417753E-002</nm:col>
</nm:row>
<nm:row nm:rname='THETA2'>
<nm:col nm:cname='THETA1'>-0.232969985502421</nm:col>
<nm:col nm:cname='THETA2'>3.549418649953193E-002</nm:col>
</nm:row>
<nm:row nm:rname='THETA3'>
<nm:col nm:cname='THETA1'>-0.394419089641133</nm:col>
<nm:col nm:cname='THETA2'>0.326288174165997</nm:col>
<nm:col nm:cname='THETA3'>0.103443191224604</nm:col>
</nm:row>
<nm:row nm:rname='THETA4'>
<nm:col nm:cname='THETA1'>0.224134871278351</nm:col>
<nm:col nm:cname='THETA2'>-1.528341950493815E-002</nm:col>
<nm:col nm:cname='THETA3'>-5.821793770100914E-002</nm:col>
<nm:col nm:cname='THETA4'>9.153289154366358E-003</nm:col>
</nm:row>
<nm:row nm:rname='OMEGA(1,1)'>
<nm:col nm:cname='THETA1'>-0.194835086285158</nm:col>
<nm:col nm:cname='THETA2'>0.156796466365362</nm:col>
<nm:col nm:cname='THETA3'>0.133076900876383</nm:col>
<nm:col nm:cname='THETA4'>-0.135261419783953</nm:col>
<nm:col nm:cname='OMEGA(1,1)'>1.262926949332698E-002</nm:col>
</nm:row>
<nm:row nm:rname='OMEGA(1,2)'>
<nm:col nm:cname='THETA1'>0.000000000000000E+000</nm:col>
<nm:col nm:cname='THETA2'>0.000000000000000E+000</nm:col>
<nm:col nm:cname='THETA3'>0.000000000000000E+000</nm:col>
<nm:col nm:cname='THETA4'>0.000000000000000E+000</nm:col>
<nm:col nm:cname='OMEGA(1,1)'>0.000000000000000E+000</nm:col>
<nm:col nm:cname='OMEGA(1,2)'>0.000000000000000E+000</nm:col>
</nm:row>
<nm:row nm:rname='OMEGA(1,3)'>
<nm:col nm:cname='THETA1'>0.000000000000000E+000</nm:col>
<nm:col nm:cname='THETA2'>0.000000000000000E+000</nm:col>
<nm:col nm:cname='THETA3'>0.000000000000000E+000</nm:col>
<nm:col nm:cname='THETA4'>0.000000000000000E+000</nm:col>
<nm:col nm:cname='OMEGA(1,1)'>0.000000000000000E+000</nm:col>
<nm:col nm:cname='OMEGA(1,2)'>0.000000000000000E+000</nm:col>
<nm:col nm:cname='OMEGA(1,3)'>0.000000000000000E+000</nm:col>
</nm:row>
<nm:row nm:rname='OMEGA(2,2)'>
<nm:col nm:cname='THETA1'>-0.198795109450830</nm:col>
<nm:col nm:cname='THETA2'>0.180472246164377</nm:col>
<nm:col nm:cname='THETA3'>3.115915473912452E-002</nm:col>
<nm:col nm:cname='THETA4'>-9.845791465877393E-002</nm:col>
<nm:col nm:cname='OMEGA(1,1)'>-2.319731120570060E-002</nm:col>
<nm:col nm:cname='OMEGA(1,2)'>0.000000000000000E+000</nm:col>
<nm:col nm:cname='OMEGA(1,3)'>0.000000000000000E+000</nm:col>
<nm:col nm:cname='OMEGA(2,2)'>1.725985919359179E-002</nm:col>
</nm:row>
<nm:row nm:rname='OMEGA(2,3)'>
<nm:col nm:cname='THETA1'>0.000000000000000E+000</nm:col>
<nm:col nm:cname='THETA2'>0.000000000000000E+000</nm:col>
<nm:col nm:cname='THETA3'>0.000000000000000E+000</nm:col>
<nm:col nm:cname='THETA4'>0.000000000000000E+000</nm:col>
<nm:col nm:cname='OMEGA(1,1)'>0.000000000000000E+000</nm:col>
<nm:col nm:cname='OMEGA(1,2)'>0.000000000000000E+000</nm:col>
<nm:col nm:cname='OMEGA(1,3)'>0.000000000000000E+000</nm:col>
<nm:col nm:cname='OMEGA(2,2)'>0.000000000000000E+000</nm:col>
<nm:col nm:cname='OMEGA(2,3)'>0.000000000000000E+000</nm:col>
</nm:row>
<nm:row nm:rname='OMEGA(3,3)'>
<nm:col nm:cname='THETA1'>-1.747873909640459E-002</nm:col>
<nm:col nm:cname='THETA2'>-5.280598343239595E-002</nm:col>
<nm:col nm:cname='THETA3'>0.219975095169638</nm:col>
<nm:col nm:cname='THETA4'>-6.764901120660709E-002</nm:col>
<nm:col nm:cname='OMEGA(1,1)'>-7.430693195503393E-002</nm:col>
<nm:col nm:cname='OMEGA(1,2)'>0.000000000000000E+000</nm:col>
<nm:col nm:cname='OMEGA(1,3)'>0.000000000000000E+000</nm:col>
<nm:col nm:cname='OMEGA(2,2)'>-4.702105816790610E-002</nm:col>
<nm:col nm:cname='OMEGA(2,3)'>0.000000000000000E+000</nm:col>
<nm:col nm:cname='OMEGA(3,3)'>7.161616927155527E-002</nm:col>
</nm:row>
<nm:row nm:rname='SIGMA(1,1)'>
<nm:col nm:cname='THETA1'>0.000000000000000E+000</nm:col>
<nm:col nm:cname='THETA2'>0.000000000000000E+000</nm:col>
<nm:col nm:cname='THETA3'>0.000000000000000E+000</nm:col>
<nm:col nm:cname='THETA4'>0.000000000000000E+000</nm:col>
<nm:col nm:cname='OMEGA(1,1)'>0.000000000000000E+000</nm:col>
<nm:col nm:cname='OMEGA(1,2)'>0.000000000000000E+000</nm:col>
<nm:col nm:cname='OMEGA(1,3)'>0.000000000000000E+000</nm:col>
<nm:col nm:cname='OMEGA(2,2)'>0.000000000000000E+000</nm:col>
<nm:col nm:cname='OMEGA(2,3)'>0.000000000000000E+000</nm:col>
<nm:col nm:cname='OMEGA(3,3)'>0.000000000000000E+000</nm:col>
<nm:col nm:cname='SIGMA(1,1)'>0.000000000000000E+000</nm:col>
</nm:row>
</nm:correlation>
<nm:invcovariance>
<nm:row nm:rname='THETA1'>
<nm:col nm:cname='THETA1'>1236.09905671848</nm:col>
</nm:row>
<nm:row nm:rname='THETA2'>
<nm:col nm:cname='THETA1'>74.6147496123885</nm:col>
<nm:col nm:cname='THETA2'>951.424544101615</nm:col>
</nm:row>
<nm:row nm:rname='THETA3'>
<nm:col nm:cname='THETA1'>138.856661720214</nm:col>
<nm:col nm:cname='THETA2'>-99.2560675619667</nm:col>
<nm:col nm:cname='THETA3'>128.672113174848</nm:col>
</nm:row>
<nm:row nm:rname='THETA4'>
<nm:col nm:cname='THETA1'>-775.065559487548</nm:col>
<nm:col nm:cname='THETA2'>-152.390963214184</nm:col>
<nm:col nm:cname='THETA3'>-54.4479372393569</nm:col>
<nm:col nm:cname='THETA4'>12877.0429085572</nm:col>
</nm:row>
<nm:row nm:rname='OMEGA(1,1)'>
<nm:col nm:cname='THETA1'>364.050730260907</nm:col>
<nm:col nm:cname='THETA2'>-277.633591220648</nm:col>
<nm:col nm:cname='THETA3'>-48.0089551473615</nm:col>
<nm:col nm:cname='THETA4'>1070.69379679963</nm:col>
<nm:col nm:cname='OMEGA(1,1)'>6795.56245800466</nm:col>
</nm:row>
<nm:row nm:rname='OMEGA(1,2)'>
<nm:col nm:cname='THETA1'>0.000000000000000E+000</nm:col>
<nm:col nm:cname='THETA2'>0.000000000000000E+000</nm:col>
<nm:col nm:cname='THETA3'>0.000000000000000E+000</nm:col>
<nm:col nm:cname='THETA4'>0.000000000000000E+000</nm:col>
<nm:col nm:cname='OMEGA(1,1)'>0.000000000000000E+000</nm:col>
<nm:col nm:cname='OMEGA(1,2)'>0.000000000000000E+000</nm:col>
</nm:row>
<nm:row nm:rname='OMEGA(1,3)'>
<nm:col nm:cname='THETA1'>0.000000000000000E+000</nm:col>
<nm:col nm:cname='THETA2'>0.000000000000000E+000</nm:col>
<nm:col nm:cname='THETA3'>0.000000000000000E+000</nm:col>
<nm:col nm:cname='THETA4'>0.000000000000000E+000</nm:col>
<nm:col nm:cname='OMEGA(1,1)'>0.000000000000000E+000</nm:col>
<nm:col nm:cname='OMEGA(1,2)'>0.000000000000000E+000</nm:col>
<nm:col nm:cname='OMEGA(1,3)'>0.000000000000000E+000</nm:col>
</nm:row>
<nm:row nm:rname='OMEGA(2,2)'>
<nm:col nm:cname='THETA1'>372.911665551194</nm:col>
<nm:col nm:cname='THETA2'>-309.593430384144</nm:col>
<nm:col nm:cname='THETA3'>53.2105871259434</nm:col>
<nm:col nm:cname='THETA4'>491.583796902090</nm:col>
<nm:col nm:cname='OMEGA(1,1)'>442.985638157978</nm:col>
<nm:col nm:cname='OMEGA(1,2)'>0.000000000000000E+000</nm:col>
<nm:col nm:cname='OMEGA(1,3)'>0.000000000000000E+000</nm:col>
<nm:col nm:cname='OMEGA(2,2)'>3641.45493305249</nm:col>
</nm:row>
<nm:row nm:rname='OMEGA(2,3)'>
<nm:col nm:cname='THETA1'>0.000000000000000E+000</nm:col>
<nm:col nm:cname='THETA2'>0.000000000000000E+000</nm:col>
<nm:col nm:cname='THETA3'>0.000000000000000E+000</nm:col>
<nm:col nm:cname='THETA4'>0.000000000000000E+000</nm:col>
<nm:col nm:cname='OMEGA(1,1)'>0.000000000000000E+000</nm:col>
<nm:col nm:cname='OMEGA(1,2)'>0.000000000000000E+000</nm:col>
<nm:col nm:cname='OMEGA(1,3)'>0.000000000000000E+000</nm:col>
<nm:col nm:cname='OMEGA(2,2)'>0.000000000000000E+000</nm:col>
<nm:col nm:cname='OMEGA(2,3)'>0.000000000000000E+000</nm:col>
</nm:row>
<nm:row nm:rname='OMEGA(3,3)'>
<nm:col nm:cname='THETA1'>-29.9829539252034</nm:col>
<nm:col nm:cname='THETA2'>48.5701720043768</nm:col>
<nm:col nm:cname='THETA3'>-42.8672628464307</nm:col>
<nm:col nm:cname='THETA4'>138.050118305249</nm:col>
<nm:col nm:cname='OMEGA(1,1)'>114.225481581308</nm:col>
<nm:col nm:cname='OMEGA(1,2)'>0.000000000000000E+000</nm:col>
<nm:col nm:cname='OMEGA(1,3)'>0.000000000000000E+000</nm:col>
<nm:col nm:cname='OMEGA(2,2)'>29.2951748977391</nm:col>
<nm:col nm:cname='OMEGA(2,3)'>0.000000000000000E+000</nm:col>
<nm:col nm:cname='OMEGA(3,3)'>212.648586134607</nm:col>
</nm:row>
<nm:row nm:rname='SIGMA(1,1)'>
<nm:col nm:cname='THETA1'>0.000000000000000E+000</nm:col>
<nm:col nm:cname='THETA2'>0.000000000000000E+000</nm:col>
<nm:col nm:cname='THETA3'>0.000000000000000E+000</nm:col>
<nm:col nm:cname='THETA4'>0.000000000000000E+000</nm:col>
<nm:col nm:cname='OMEGA(1,1)'>0.000000000000000E+000</nm:col>
<nm:col nm:cname='OMEGA(1,2)'>0.000000000000000E+000</nm:col>
<nm:col nm:cname='OMEGA(1,3)'>0.000000000000000E+000</nm:col>
<nm:col nm:cname='OMEGA(2,2)'>0.000000000000000E+000</nm:col>
<nm:col nm:cname='OMEGA(2,3)'>0.000000000000000E+000</nm:col>
<nm:col nm:cname='OMEGA(3,3)'>0.000000000000000E+000</nm:col>
<nm:col nm:cname='SIGMA(1,1)'>0.000000000000000E+000</nm:col>
</nm:row>
</nm:invcovariance>
</nm:estimation>
<nm:post_process_times>
<nm:post_elapsed_time>0.00</nm:post_elapsed_time>
<nm:finaloutput_elapsed_time>0.02</nm:finaloutput_elapsed_time>
</nm:post_process_times>
</nm:problem>
</nm:nonmem>
<nm:stop_datetime>2019-03-12T21:07:52.008</nm:stop_datetime>
<nm:total_cputime>42.000</nm:total_cputime>
</nm:output>
